id,name,rankA,rankB,rankC,degree,percentage,allocated_preference,allocated_course_name,allocated_center_id,payment,reported_to_center,prn_id
2,siya,155,65,19,B.E. Mechanical,84.82,0,NA,NA,0,0,NA
3,dia,19,110,54,B.E. Electrical,84.71,0,NA,NA,0,0,NA
4,manish,21,13,-1,B.E. Electrical,84.55,0,NA,NA,0,0,NA
5,aishwarya,165,159,-1,M.Sc. Statistics,84.19,0,NA,NA,0,0,NA
6,arjun,101,121,107,B.E. Computer,84.16,0,NA,NA,0,0,NA
7,niti,143,83,84,B.E. Civil,83.94,0,NA,NA,0,0,NA
8,isha,38,6,10,B.Sc.,83.82,0,NA,NA,0,0,NA
9,anu,37,47,71,B.E. Mechanical,83.81,0,NA,NA,0,0,NA
10,rutuja,24,58,88,B.E. Mechanical,83.56,0,NA,NA,0,0,NA
11,soham,45,11,4,B.E. Computer,83.5,0,NA,NA,0,0,NA
12,neha,132,138,91,B.E. Electrical,83.22,0,NA,NA,0,0,NA
13,katherine,198,175,116,B.E. Electrical,82.9,0,NA,NA,0,0,NA
14,tushar,7,42,9,B.E. Electronics,82.88,0,NA,NA,0,0,NA
15,aniket,189,151,70,B.Sc.,82.88,0,NA,NA,0,0,NA
16,raj,89,68,51,M.Sc. Statistics,82.6,0,NA,NA,0,0,NA
17,ananya,129,155,78,M.Sc. Statistics,82.3,0,NA,NA,0,0,NA
18,john,76,124,86,M.Sc. Computer,82.23,0,NA,NA,0,0,NA
19,shrinidhi,199,99,-1,B.E. Electrical,82.12,0,NA,NA,0,0,NA
20,vani,59,101,97,B.E. Mechanical,82.11,0,NA,NA,0,0,NA
21,vivek,148,177,115,B.E. Electrical,82.08,0,NA,NA,0,0,NA
22,suhani,156,153,-1,B.Sc.,81.18,0,NA,NA,0,0,NA
23,krithika,20,4,34,B.E. Mechanical,81.08,0,NA,NA,0,0,NA
24,harish,51,123,-1,B.E. Civil,80.93,0,NA,NA,0,0,NA
25,vikas,126,143,102,B.E. Civil,80.91,0,NA,NA,0,0,NA
26,manoj,32,8,12,B.E. Electrical,80.89,0,NA,NA,0,0,NA
27,manu,110,-1,-1,M.Sc. Computer,80.72,0,NA,NA,0,0,NA
28,dhruv,27,51,-1,M.Sc. Computer,80.67,0,NA,NA,0,0,NA
29,deepak,87,-1,-1,B.E. Civil,80,0,NA,NA,0,0,NA
30,tanvi,180,188,-1,M.Sc. Statistics,79.89,0,NA,NA,0,0,NA
31,swati,34,60,-1,B.E. Electronics,79.08,0,NA,NA,0,0,NA
32,abdul,86,125,-1,M.Sc. Statistics,78.89,0,NA,NA,0,0,NA
33,girish,168,71,-1,M.Sc. Computer,78.88,0,NA,NA,0,0,NA
34,manisha,182,-1,-1,B.E. Electrical,78.82,0,NA,NA,0,0,NA
35,sam,103,-1,-1,B.E. Mechanical,78.73,0,NA,NA,0,0,NA
36,sasashy,57,29,23,B.E. Computer,78.22,0,NA,NA,0,0,NA
37,shreya,44,19,16,M.Sc. Computer,78.2,0,NA,NA,0,0,NA
38,priya,81,90,87,B.Sc.,77.17,0,NA,NA,0,0,NA
39,dilmini,50,82,-1,B.E. Computer,76.7,0,NA,NA,0,0,NA
40,vaishnavi,85,136,89,B.Sc.,76.48,0,NA,NA,0,0,NA
41,ashish,105,115,59,B.E. Electrical,76.47,0,NA,NA,0,0,NA
42,amit,194,126,-1,B.E. Civil,76.43,0,NA,NA,0,0,NA
43,aashna,61,133,85,M.Sc. Statistics,76.41,0,NA,NA,0,0,NA
44,varun,174,158,110,M.Sc. Statistics,76.32,0,NA,NA,0,0,NA
45,abigail,17,84,92,M.Sc. Computer,75.96,0,NA,NA,0,0,NA
46,rohan,55,79,63,M.Sc. Statistics,75.84,0,NA,NA,0,0,NA
47,aastha,91,46,26,B.E. Electronics,75.83,0,NA,NA,0,0,NA
48,rakesh,134,167,106,B.E. Electronics,75.61,0,NA,NA,0,0,NA
49,akansha,104,43,-1,B.Sc.,75.59,0,NA,NA,0,0,NA
50,arun,123,55,58,M.Sc. Computer,75.53,0,NA,NA,0,0,NA
51,shashank,172,172,114,B.Sc.,75.49,0,NA,NA,0,0,NA
52,debbie,30,48,-1,B.E. Electronics,75.41,0,NA,NA,0,0,NA
53,lily,109,149,74,M.Sc. Statistics,75.21,0,NA,NA,0,0,NA
54,nishant,5,35,-1,B.E. Computer,74.63,0,NA,NA,0,0,NA
55,mahesh,176,160,113,B.E. Computer,74.26,0,NA,NA,0,0,NA
56,anish,92,37,53,B.E. Civil,74.23,0,NA,NA,0,0,NA
57,riya,162,157,101,M.Sc. Computer,74.09,0,NA,NA,0,0,NA
58,ayushi,190,182,-1,B.E. Mechanical,73.89,0,NA,NA,0,0,NA
59,abhi,113,146,-1,M.Sc. Computer,73.78,0,NA,NA,0,0,NA
60,ria,23,24,41,B.Sc.,73.74,0,NA,NA,0,0,NA
61,suresh,146,59,-1,B.E. Mechanical,73.32,0,NA,NA,0,0,NA
62,kamalika,192,128,-1,B.Sc.,73.23,0,NA,NA,0,0,NA
63,jay,196,148,67,M.Sc. Computer,73.18,0,NA,NA,0,0,NA
64,aswini,48,75,46,M.Sc. Statistics,73.12,0,NA,NA,0,0,NA
65,kunal,124,-1,-1,M.Sc. Computer,73.09,0,NA,NA,0,0,NA
66,radhika,133,67,27,B.Sc.,73.08,0,NA,NA,0,0,NA
67,archita,1,10,-1,B.E. Civil,72.92,0,NA,NA,0,0,NA
68,nishi,141,145,-1,M.Sc. Statistics,72.87,0,NA,NA,0,0,NA
69,pavithra,158,179,-1,B.E. Electrical,72.6,0,NA,NA,0,0,NA
70,rahul,77,106,38,M.Sc. Computer,72.56,0,NA,NA,0,0,NA
71,akshay,166,154,103,B.Sc.,72.51,0,NA,NA,0,0,NA
72,rohit,78,92,42,B.E. Electrical,72.45,0,NA,NA,0,0,NA
73,pratik,160,78,25,B.E. Electronics,71.78,0,NA,NA,0,0,NA
74,nikita,14,31,-1,B.E. Civil,71.69,0,NA,NA,0,0,NA
75,atul,62,17,-1,M.Sc. Statistics,71.2,0,NA,NA,0,0,NA
76,mayank,142,130,39,B.E. Mechanical,71.02,0,NA,NA,0,0,NA
77,sumit,200,189,-1,M.Sc. Computer,70.55,0,NA,NA,0,0,NA
78,mary,94,95,-1,M.Sc. Statistics,69.98,0,NA,NA,0,0,NA
79,ajith,187,140,-1,M.Sc. Computer,69.95,0,NA,NA,0,0,NA
80,sanjana,71,93,77,M.Sc. Computer,69.88,0,NA,NA,0,0,NA
81,anjana,116,50,-1,B.E. Electrical,69.87,0,NA,NA,0,0,NA
82,anubhav,8,16,7,M.Sc. Statistics,69.8,0,NA,NA,0,0,NA
83,neeraj,102,76,98,B.E. Electrical,69.63,0,NA,NA,0,0,NA
84,prateek,125,117,60,B.E. Electronics,69.23,0,NA,NA,0,0,NA
85,gayatri,167,111,73,M.Sc. Statistics,69.14,0,NA,NA,0,0,NA
86,pranav,42,77,50,B.E. Electrical,68.98,0,NA,NA,0,0,NA
87,pawan,106,97,62,B.Sc.,68.94,0,NA,NA,0,0,NA
88,ramanan,15,28,21,B.Sc.,68.67,0,NA,NA,0,0,NA
89,priyanka,97,57,15,B.E. Electronics,68.03,0,NA,NA,0,0,NA
90,n.priyanka,151,170,90,B.E. Electronics,67.99,0,NA,NA,0,0,NA
91,aryan,2,1,1,B.E. Mechanical,67.77,0,NA,NA,0,0,NA
92,vidhya,164,113,-1,B.E. Civil,67.66,0,NA,NA,0,0,NA
93,natasha,33,20,-1,M.Sc. Computer,67.59,0,NA,NA,0,0,NA
94,anil,115,109,69,B.E. Computer,67.34,0,NA,NA,0,0,NA
95,sara,185,171,108,B.E. Electronics,67.12,0,NA,NA,0,0,NA
96,prashant,159,185,124,M.Sc. Statistics,66.9,0,NA,NA,0,0,NA
97,ankur,93,33,-1,B.E. Computer,66.84,0,NA,NA,0,0,NA
98,abhishek,35,81,65,B.E. Computer,66.62,0,NA,NA,0,0,NA
99,yash,16,2,11,B.E. Electrical,66.48,0,NA,NA,0,0,NA
100,avi,139,168,-1,B.E. Electrical,66.41,0,NA,NA,0,0,NA
101,shyam,72,30,28,B.E. Computer,66.36,0,NA,NA,0,0,NA
102,prachi,95,40,-1,B.E. Computer,66.26,0,NA,NA,0,0,NA
103,anirudh,195,174,-1,B.E. Electrical,66.12,0,NA,NA,0,0,NA
104,leah,39,7,13,B.E. Civil,65.54,0,NA,NA,0,0,NA
105,rashi,144,176,-1,B.E. Electronics,65.36,0,NA,NA,0,0,NA
106,juvina,28,-1,-1,B.E. Computer,65.16,0,NA,NA,0,0,NA
107,papuii colney,184,187,119,B.E. Civil,65.06,0,NA,NA,0,0,NA
108,vaibhav,65,15,5,B.E. Computer,65.02,0,NA,NA,0,0,NA
109,dinesh,119,103,-1,M.Sc. Statistics,64.92,0,NA,NA,0,0,NA
110,divya,68,70,29,M.Sc. Statistics,64.67,0,NA,NA,0,0,NA
111,ira,191,142,105,M.Sc. Statistics,64.34,0,NA,NA,0,0,NA
112,prince,96,118,-1,B.Sc.,64.04,0,NA,NA,0,0,NA
113,sakshi,135,52,-1,B.E. Electrical,63.91,0,NA,NA,0,0,NA
114,deepro,31,12,3,M.Sc. Statistics,63.77,0,NA,NA,0,0,NA
115,sunil,121,45,48,M.Sc. Statistics,63.59,0,NA,NA,0,0,NA
116,mitali,22,23,45,M.Sc. Statistics,63.01,0,NA,NA,0,0,NA
117,angel,26,69,66,B.E. Civil,63.01,0,NA,NA,0,0,NA
118,kartik,197,184,-1,M.Sc. Computer,62.33,0,NA,NA,0,0,NA
119,niharika,52,72,47,B.E. Electronics,62.22,0,NA,NA,0,0,NA
120,sadaf,107,64,-1,M.Sc. Computer,62.04,0,NA,NA,0,0,NA
121,nisha,53,89,35,B.E. Electronics,61.91,0,NA,NA,0,0,NA
122,ajeet,114,53,31,M.Sc. Statistics,61.7,0,NA,NA,0,0,NA
123,neelam,183,178,121,B.E. Electrical,61.54,0,NA,NA,0,0,NA
124,anisha,47,22,17,B.E. Mechanical,61.45,0,NA,NA,0,0,NA
125,rajeev,70,14,-1,B.E. Mechanical,61.32,0,NA,NA,0,0,NA
126,diksha,75,56,72,B.E. Electronics,60.73,0,NA,NA,0,0,NA
127,shivani,79,73,-1,B.E. Civil,60.66,0,NA,NA,0,0,NA
128,krishna,170,-1,-1,B.E. Electrical,60.55,0,NA,NA,0,0,NA
129,arya,67,141,94,B.Sc.,60.52,0,NA,NA,0,0,NA
130,anjali,149,127,100,B.E. Electrical,59.59,0,NA,NA,0,0,NA
131,raghav,112,-1,-1,B.E. Civil,59.54,0,NA,NA,0,0,NA
132,jatin,64,87,55,M.Sc. Statistics,59.22,0,NA,NA,0,0,NA
133,ram,82,-1,-1,B.Sc.,59.19,0,NA,NA,0,0,NA
134,arusha,66,85,93,B.E. Electrical,58.89,0,NA,NA,0,0,NA
135,karan,140,116,-1,M.Sc. Statistics,58.85,0,NA,NA,0,0,NA
136,vedant,122,162,109,B.Sc.,58.21,0,NA,NA,0,0,NA
137,khushi,80,38,22,B.E. Electronics,58.2,0,NA,NA,0,0,NA
138,ishika,150,104,49,M.Sc. Computer,58.16,0,NA,NA,0,0,NA
139,nishita,69,63,37,B.E. Civil,58.13,0,NA,NA,0,0,NA
140,shekhar,58,9,6,B.E. Mechanical,58.06,0,NA,NA,0,0,NA
141,gokul,131,156,-1,B.E. Civil,57.96,0,NA,NA,0,0,NA
142,sanchit,145,129,-1,M.Sc. Statistics,57.82,0,NA,NA,0,0,NA
143,moii chhangte,13,5,20,B.Sc.,57.77,0,NA,NA,0,0,NA
144,deepa,118,66,33,M.Sc. Statistics,57.58,0,NA,NA,0,0,NA
145,aditya,175,164,-1,M.Sc. Computer,57.48,0,NA,NA,0,0,NA
146,ramya,153,180,122,M.Sc. Statistics,57.31,0,NA,NA,0,0,NA
147,simran,137,173,112,B.E. Civil,57.09,0,NA,NA,0,0,NA
148,sneha,186,94,-1,B.E. Electrical,56.56,0,NA,NA,0,0,NA
149,kumar,12,49,30,B.E. Mechanical,56.44,0,NA,NA,0,0,NA
150,rishabh,83,91,36,M.Sc. Computer,56.19,0,NA,NA,0,0,NA
151,kalyani,29,105,-1,B.E. Mechanical,56.16,0,NA,NA,0,0,NA
152,rishita,179,98,79,M.Sc. Computer,56.1,0,NA,NA,0,0,NA
153,kavya,157,152,111,B.E. Electronics,55.98,0,NA,NA,0,0,NA
154,tanu,84,119,99,B.E. Electronics,55.91,0,NA,NA,0,0,NA
155,nikhil,152,150,117,B.E. Electronics,55.81,0,NA,NA,0,0,NA
156,avinash,11,44,44,M.Sc. Computer,55.79,0,NA,NA,0,0,NA
157,crowny,60,86,95,B.E. Electronics,55.6,0,NA,NA,0,0,NA
158,shivangi,154,181,123,B.E. Civil,55.58,0,NA,NA,0,0,NA
159,abhinav,100,139,68,B.E. Electronics,55.35,0,NA,NA,0,0,NA
160,ankit,74,114,104,M.Sc. Statistics,54.85,0,NA,NA,0,0,NA
161,parth,111,161,75,B.E. Electrical,54.66,0,NA,NA,0,0,NA
162,ajay,46,21,-1,B.E. Computer,54.34,0,NA,NA,0,0,NA
163,shivam,163,186,-1,B.E. Computer,53.68,0,NA,NA,0,0,NA
164,rhea,161,107,-1,B.E. Electronics,53.18,0,NA,NA,0,0,NA
165,vishal,181,163,120,M.Sc. Statistics,53.15,0,NA,NA,0,0,NA
166,aaditya,138,-1,-1,M.Sc. Computer,52.96,0,NA,NA,0,0,NA
167,deep,108,137,-1,M.Sc. Computer,52.93,0,NA,NA,0,0,NA
168,shaan,43,36,-1,B.E. Electronics,52.76,0,NA,NA,0,0,NA
169,sam,25,18,18,M.Sc. Computer,52.18,0,NA,NA,0,0,NA
170,varsha,173,132,-1,M.Sc. Computer,52.16,0,NA,NA,0,0,NA
171,seema,120,112,-1,M.Sc. Statistics,52.07,0,NA,NA,0,0,NA
172,lavanya,88,39,-1,B.E. Computer,51.92,0,NA,NA,0,0,NA
173,sunny,90,108,81,B.E. Computer,50.63,0,NA,NA,0,0,NA
174,anushri,18,34,8,B.E. Mechanical,50.41,0,NA,NA,0,0,NA
175,aditi,127,147,-1,B.E. Electronics,50.24,0,NA,NA,0,0,NA
176,alok,128,54,24,B.E. Civil,49.93,0,NA,NA,0,0,NA
177,naveen,177,88,-1,B.Sc.,49.67,0,NA,NA,0,0,NA
178,anusha,10,3,2,B.E. Electrical,49.59,0,NA,NA,0,0,NA
179,ishita,169,183,-1,B.E. Mechanical,49.38,0,NA,NA,0,0,NA
180,mahima,171,165,118,B.E. Electronics,49.08,0,NA,NA,0,0,NA
181,akash,188,120,43,M.Sc. Computer,48.9,0,NA,NA,0,0,NA
182,chandralekha,49,122,-1,B.Sc.,48.72,0,NA,NA,0,0,NA
183,anamika,36,26,32,B.E. Mechanical,48.4,0,NA,NA,0,0,NA
184,shail,6,25,61,B.Sc.,48.06,0,NA,NA,0,0,NA
185,raju,178,166,96,B.E. Electronics,47.93,0,NA,NA,0,0,NA
186,indhumathi,63,62,14,B.E. Electronics,47.76,0,NA,NA,0,0,NA
187,diya,130,134,-1,B.E. Electrical,47.7,0,NA,NA,0,0,NA
188,sarah,56,131,80,B.E. Electronics,47.61,0,NA,NA,0,0,NA
189,paaus,54,32,40,B.E. Mechanical,47.57,0,NA,NA,0,0,NA
190,mayur,4,-1,-1,M.Sc. Computer,47.43,0,NA,NA,0,0,NA
191,vinay,147,74,57,B.E. Electronics,46.64,0,NA,NA,0,0,NA
192,anurag,9,102,-1,B.E. Computer,46.64,0,NA,NA,0,0,NA
193,mohit,40,96,83,M.Sc. Computer,46.46,0,NA,NA,0,0,NA
194,krish,193,169,82,B.E. Computer,46.37,0,NA,NA,0,0,NA
195,arti,117,144,-1,M.Sc. Computer,45.68,0,NA,NA,0,0,NA
196,tanya,99,41,64,B.Sc.,45.56,0,NA,NA,0,0,NA
197,dawn,3,61,-1,B.E. Electronics,45.56,0,NA,NA,0,0,NA
198,sanjay,136,80,52,B.Sc.,45.29,0,NA,NA,0,0,NA
199,nitin,41,27,-1,B.Sc.,45.05,0,NA,NA,0,0,NA
200,siddharth,98,100,56,B.E. Computer,45.03,0,NA,NA,0,0,NA
